topic,original_query,misspelled_query
Map Search,restaurants near Central Park,resataurants near Cental Pari
Map Search,shortest route to Times Square from JFK Airport,shorteast rouete to Time Squre from JFK Arprt
Map Search,shortest route to Times Square from JFK Airport,rout to Times Sqare from JFK Airopot
Map Search,shortest route to Times Square from JFK Airport,shortest rout to Times Square frm JFK Aiprort
Map Search,petrol stations open now in downtown Los Angeles,petrol stastions open now inn dountown los angeles
Map Search,petrol stations open now in downtown Los Angeles,petrol statins open nw in dontown lass angeles
Map Search,petrol stations open now in downtown Los Angeles,stations open now iin downtwon los angelas
Map Search,petrol stations open now in downtown Los Angeles,pitorol stations opeen now in dounntown los angles
Map Search,petrol stations open now in downtown Los Angeles,petrol stationz opwn now in downtown los ajngels
Map Search,walking directions to Eiffel Tower from Louvre Museum,walkin directions to Eiffel Toweer from Louvre Musem
Map Search,walking directions to Eiffel Tower from Louvre Museum,walking directiions to Eiffl Tower from Loivre Muzium
Map Search,walking directions to Eiffel Tower from Louvre Museum,wakling dirctons to Effil Towr from Luorve Musiom
Map Search,walking directions to Eiffel Tower from Louvre Museum,walknig directionns to Eyflel Tour from Leurve Museeom
Map Search,walking directions to Eiffel Tower from Louvre Museum,waking directions to Iffel Tower frm Louvre Musum
Map Search,nearest hiking trails in Yosemite National Park,neares hiking triels in Yoosmee Natonial Parke
Job Search,software engineer jobs in San Francisco,softwear enginier jobs in San Fransisco
Job Search,software engineer jobs in San Francisco,swftwr enrjnr jbs in Sain Fancsco
Job Search,software engineer jobs in San Francisco,software ingniner jbbs in Sans Fransisku
Job Search,software engineer jobs in San Francisco,sofware enjinr jobs in San Francisko
Job Search,software engineer jobs in San Francisco,softwear engrnr jbs in San Franisco
Job Search,remote work opportunities in marketing,remotr wrok oportunitees in markiting
Job Search,remote work opportunities in marketing,reomte wark oportunitiez in markeitng
Job Search,remote work opportunities in marketing,remeote woork opoortunities in marketting
Job Search,remote work opportunities in marketing,remot werke oportuniites in mrketing
Job Search,remote work opportunities in marketing,roemtee wark opporrtuinitiez in markiting
Job Search,freelance graphic design projects for beginners,frilence graphic designt projectos for beignners
Job Search,freelance graphic design projects for beginners,free lance grapic deisgn projetcs for begginers
Job Search,freelance graphic design projects for beginners,frialance grafik desin projekts for beginerz
Job Search,freelance graphic design projects for beginners,freelace graphic designe proyects for beginner
Job Search,freelance graphic design projects for beginners,freelinke graphics desingn projects for beeiners
Job Search,data scientist positions at Google,datasciencist positons at Gooogle
Job Search,data scientist positions at Google,data scienctist positiions at Googel
Job Search,data scientist positions at Google,dtaa scientisit postitions at Googlee
Job Search,data scientist positions at Google,datasceintist posistions at Googgle
Job Search,data scientist positions at Google,data scientist posotions at Gggoogle
Job Search,entry-level mechanical engineering jobs in Austin,entr-y lebel mechancal enginering joibs in Austyn
Job Search,entry-level mechanical engineering jobs in Austin,enrty-leel mechnical enigineerng jbos in Autsun
Job Search,entry-level mechanical engineering jobs in Austin,entery level mecchanical ingeneerin jobs in Atustin
Job Search,entry-level mechanical engineering jobs in Austin,entry levil mecanical engenirnijng jobz in Ausin
Job Search,entry-level mechanical engineering jobs in Austin,entr-y lel mechncal engring jibs in Austyn
Flight Search,cheap flights from New York to London,cheep flighs from Neew Yawk to Londin
Flight Search,cheap flights from New York to London,chip flights from New Yoork to Lodon
Flight Search,cheap flights from New York to London,cheap flightes from New Yourk to Lunnon
Flight Search,cheap flights from New York to London,chipes flights from Now York to Lonnon
Flight Search,cheap flights from New York to London,cheap fligths from New Yorke to Londonn
Flight Search,nonstop flights to Tokyo from Los Angeles,nonsop flights to Tooky from Los Angeles
Flight Search,nonstop flights to Tokyo from Los Angeles,non stop fligths to Tokio from Lous Angeles
Flight Search,nonstop flights to Tokyo from Los Angeles,non stope flughts to Toyko from Loas Angeles
Flight Search,nonstop flights to Tokyo from Los Angeles,ninestop flightes to Tokoyo from Los Angles
Flight Search,nonstop flights to Tokyo from Los Angeles,no nonsence flitees to Tokayyo from Los Almados
Flight Search,business class deals to Paris in December,busines clas deales to Pariss in Deecember
Flight Search,business class deals to Paris in December,busniess clas deels too Paree in Decembir
Flight Search,business class deals to Paris in December,businies classeals to Pariz in Dezember
Flight Search,business class deals to Paris in December,buisness clas dails to Pairs in Dekemba
Flight Search,business class deals to Paris in December,businece clas deilz to Pareis in Dicimber
Flight Search,flights under $500 to Hawaii in January,flight s undr $400 to Hawiian in Januery
Flight Search,flights under $500 to Hawaii in January,flghts onder $550 to Hwaiii inn Jnuary
Flight Search,flights under $500 to Hawaii in January,flihhts undeR 520 to HAwaii in Janurary
Flight Search,flights under $500 to Hawaii in January,flights andur $480 to Hawaiin inn Jaurnary
Flight Search,flights under $500 to Hawaii in January,fligts undir $510 to Hawaee in Jnaury
Flight Search,flight schedules for Delta Airlines to Chicago,flite scheduls for Delts Airlinez to Chcago
Flight Search,flight schedules for Delta Airlines to Chicago,flights skedules for Delta Airlins to Chicgao
Flight Search,flight schedules for Delta Airlines to Chicago,flihgth schudles for Delt Airlys to Chekagoe
Flight Search,flight schedules for Delta Airlines to Chicago,flight scedules fer Delta Airolins to Chi-Cago
Flight Search,flight schedules for Delta Airlines to Chicago,flite shedsulze for Delte Airelens to Chigahgo
E-commerce,best laptops under $1000,bist lappoports under $1000
E-commerce,best laptops under $1000,bezt laptopt undir $1000
E-commerce,best laptops under $1000,beste laoptops undor $1000
E-commerce,best laptops under $1000,betst laptopts onderd $1000
E-commerce,best laptops under $1000,bestest lap tops under $1000
E-commerce,organic skincare products with good reviews,organik skienare produicts with good reviws
E-commerce,organic skincare products with good reviews,oragnic skineare prodcts wih gooed rewiews
E-commerce,organic skincare products with good reviews,orgainc skin care prouducts withe gud reevues
E-commerce,organic skincare products with good reviews,orjannic skienare prodctes wth goood reveews
E-commerce,organic skincare products with good reviews,organik skincare produicts wth gooed reviws
E-commerce,discounted furniture for small apartments,disconted furniture for smal apartments
E-commerce,discounted furniture for small apartments,diskounted furnitire for sall apertments
E-commerce,discounted furniture for small apartments,discouted furiniture for small apartmnts
E-commerce,discounted furniture for small apartments,diiscunted furnishur for smaal aaprtments
E-commerce,discounted furniture for small apartments,duscounted futnerware for smeel aptermants
E-commerce,latest iPhone models with trade-in offers,latist iPhone modesl wth trade-in offeres
E-commerce,latest iPhone models with trade-in offers,lateest iPhon modles with trad-in offers
E-commerce,latest iPhone models with trade-in offers,lattist iPhoone modelos woth traited-in offreos
E-commerce,latest iPhone models with trade-in offers,leiteste IPHONE MOdels WITh TRAITED-IN OFEERS
E-commerce,latest iPhone models with trade-in offers,latist iPhone models wth trade-in offirs
E-commerce,top-rated noise-cancelling headphones,top raetd noise-ansling headphoens
E-commerce,top-rated noise-cancelling headphones,toop-rated noisecansling headephones
E-commerce,top-rated noise-cancelling headphones,trop-rated noise-cencelling headphonez
E-commerce,top-rated noise-cancelling headphones,toprated noizecancling hedfonez
E-commerce,top-rated noise-cancelling headphones,toreatd noise cansling hedfones
Health and Fitness,yoga classes near me,yogga clasess neir me
Health and Fitness,yoga classes near me,yogga classees ner me
Health and Fitness,yoga classes near me,yoa clases ner mi
Health and Fitness,yoga classes near me,yagaa clases ner me
Health and Fitness,yoga classes near me,yogaa classseis near mee
Health and Fitness,gyms with personal trainers in Miami,gym's wth personl trners in Maimi
Health and Fitness,gyms with personal trainers in Miami,gyms wit persnal trainrs in Miamie
Health and Fitness,gyms with personal trainers in Miami,gem's with prsonal trainerz in Myami
Health and Fitness,gyms with personal trainers in Miami,jyms with personnall trainerz in Maymee
Health and Fitness,gyms with personal trainers in Miami,gims with persnal trainrers in Miame
Health and Fitness,low-carb meal prep ideas for weight loss,loo-carb meel perep idiz fur wiegt los
Health and Fitness,home remedies for back pain relief,hom remidies for bach paining relife
Health and Fitness,home remedies for back pain relief,homm reemdy's for bak paine releef
Health and Fitness,home remedies for back pain relief,hom rmedy's for bak paein relieff
Health and Fitness,home remedies for back pain relief,homemedies for bak pakn rliief
Health and Fitness,home remedies for back pain relief,hoom remideez fer bak peyn relif
Health and Fitness,best running shoes for flat feet,best runnng shoes for flait feet
Health and Fitness,best running shoes for flat feet,beest ruuning shows for flat feets
Health and Fitness,best running shoes for flat feet,best ruingning shoes for flaet feet
Health and Fitness,best running shoes for flat feet,bist runing shoes for flat feets
Health and Fitness,best running shoes for flat feet,best runnnig shoes for flate feet
Entertainment and Media,movies playing near me this weekend,movis palying nere me tis wikedend
Entertainment and Media,top-rated fantasy novels of 2024,top ratied fantsy novles of 2024
Entertainment and Media,top-rated fantasy novels of 2024,top raited fanasy novelis of 2023
Entertainment and Media,top-rated fantasy novels of 2024,trop rated fantisy noovelos fo 2024
Entertainment and Media,top-rated fantasy novels of 2024,topt ratted fenaty novelos of 2025
Entertainment and Media,top-rated fantasy novels of 2024,tap-rated fantesy novels of 2020
Entertainment and Media,concerts in Chicago this month,concets in Chiago this monthe
Entertainment and Media,concerts in Chicago this month,conserts inn Chicagoe thiz mont
Entertainment and Media,concerts in Chicago this month,koncerts in Chigaco this monthh
Entertainment and Media,concerts in Chicago this month,cornerts in Chiago this mont
Entertainment and Media,concerts in Chicago this month,konzerts en Chiago thys moonth
Entertainment and Media,free streaming platforms for documentaries,frie streming platfomrs for documentaries
Entertainment and Media,latest episodes of Stranger Things,lateest episoedds of Strangr Thingz
Entertainment and Media,latest episodes of Stranger Things,laetest episods of Stanger Things
Entertainment and Media,latest episodes of Stranger Things,lastest episode os Stanger Things
Entertainment and Media,latest episodes of Stranger Things,latest epsoodes of Strnager Things
Entertainment and Media,latest episodes of Stranger Things,latist epsiodeos of Straenger Things
Travel and Tourism,best hotels in Bali for families,bst hoteles in Baly for famileis
Travel and Tourism,best hotels in Bali for families,best hotelz in Balie for familes
Travel and Tourism,best hotels in Bali for families,best hotlls in Balia for family's
Travel and Tourism,best hotels in Bali for families,bset hotel sin Bali fer familees
Travel and Tourism,best hotels in Bali for families,betst hotels en Bally for family
Travel and Tourism,top-rated attractions in Rome,toptatrated attractins in Rom
Travel and Tourism,top-rated attractions in Rome,top ratied attracions in Rome
Travel and Tourism,top-rated attractions in Rome,toup raeted atrractionts in Romen
Travel and Tourism,top-rated attractions in Rome,top reated attracians in Roma
Travel and Tourism,top-rated attractions in Rome,toper rateed aatractuons in Roam
Travel and Tourism,all-inclusive resorts in the Caribbean,al-inclusive resorsts in teh Carribean
Travel and Tourism,all-inclusive resorts in the Caribbean,alls incluisive resortes inn th Caribbean
Travel and Tourism,all-inclusive resorts in the Caribbean,a ll incluvious resorts inn teh Caribbean
Travel and Tourism,all-inclusive resorts in the Caribbean,all includie resorts in teh Cairibbean
Travel and Tourism,all-inclusive resorts in the Caribbean,all incluisive reosrts inn the Caribean
Travel and Tourism,visa requirements for US citizens visiting Canada,viza requirments for US citicens vistiting Canidia
Travel and Tourism,visa requirements for US citizens visiting Canada,visie requriements for US citions vising Cdnad
Travel and Tourism,visa requirements for US citizens visiting Canada,visas requeirements for US ciizens visitng Canads
Travel and Tourism,visa requirements for US citizens visiting Canada,visea reqiurements for US sittizens visiting Kanada
Travel and Tourism,visa requirements for US citizens visiting Canada,viza requirmentes for US citisens visitin Cndn
Travel and Tourism,weather forecast for Cancun next week,weathr forecast for Canccu next weeek
Travel and Tourism,weather forecast for Cancun next week,wether forecase for Cancn nxt week
Travel and Tourism,weather forecast for Cancun next week,wether fourcecast for Cancune next wekk
Travel and Tourism,weather forecast for Cancun next week,whathever forecaste for Cancun next wik
Travel and Tourism,weather forecast for Cancun next week,weather firoecast for Cuncun nxt weak
General Knowledge and Learning,history of the Great Wall of China,histroy of the Greaat Wall of China
General Knowledge and Learning,history of the Great Wall of China,hitory of the Grete Wal of Chyna
General Knowledge and Learning,history of the Great Wall of China,hisotry of teh Grate Wall of Cina
General Knowledge and Learning,history of the Great Wall of China,histroey of the Graet Wally of Chienna
General Knowledge and Learning,history of the Great Wall of China,hestory of the Gret Wall of Chinna
General Knowledge and Learning,how to solve quadratic equations,how to solv quatric ecuations
General Knowledge and Learning,how to solve quadratic equations,quadratic equationz
General Knowledge and Learning,how to solve quadratic equations,solv quatrick equasions
General Knowledge and Learning,how to solve quadratic equations,how to solve quatratic equations
General Knowledge and Learning,how to solve quadratic equations,quatrick eequtions solver
General Knowledge and Learning,current events in the Middle East,ccurent events inn the Middle Est
General Knowledge and Learning,free online courses for Python programming,fre onlie courses for Pytho progamming
General Knowledge and Learning,free online courses for Python programming,frie online cousres for Pypthon prgraming
General Knowledge and Learning,free online courses for Python programming,freee online corses for Pyhton progrmming
General Knowledge and Learning,free online courses for Python programming,friee online corsse for Pythin programmin
General Knowledge and Learning,free online courses for Python programming,frree online coursos for Pythoin programmimg
General Knowledge and Learning,most famous paintings by Van Gogh,mosest famus pintings by Van Gojh
General Knowledge and Learning,most famous paintings by Van Gogh,most famus peintings by Vahn Ghog
General Knowledge and Learning,most famous paintings by Van Gogh,most famis paintings by Van Gohg
General Knowledge and Learning,most famous paintings by Van Gogh,moist famus paintins by Van Goegh
General Knowledge and Learning,most famous paintings by Van Gogh,moost famus paintins by Van Ghogh
Local Services,plumbers near me with good reviews,plmbers neer me wit god revviews
Local Services,plumbers near me with good reviews,plimers ner mi wth goo reviws
Local Services,plumbers near me with good reviews,pummers nare mee with gud reivews
Local Services,plumbers near me with good reviews,plummers nirr mi wif good reeviews
Local Services,plumbers near me with good reviews,plombers near me witch good reveiws
Local Services,24-hour pharmacies in Boston,24-hor pharmacis in Boson
Local Services,24-hour pharmacies in Boston,Pharmasies in Bosston 24 hour
Local Services,24-hour pharmacies in Boston,Phramacies in Boston 24 hour
Local Services,24-hour pharmacies in Boston,24 hour phamacys in Buston
Local Services,24-hour pharmacies in Boston,Hour-pharmacy's in Bostin
Local Services,car repair shops in San Diego,carr reopair shopz in San Deigo
Local Services,car repair shops in San Diego,car reapir shaps in Sandiego
Local Services,car repair shops in San Diego,car repaire shops in San Dieggo
Local Services,car repair shops in San Diego,caar repair shhopz in San Deego
Local Services,car repair shops in San Diego,kar repar shops in San Diago
Local Services,affordable wedding photographers in New York,afordabel wdding photograpers in Nea York
Local Services,affordable wedding photographers in New York,wedding photographerz in New Yorck
Local Services,affordable wedding photographers in New York,affordable wedding photgraphers in Ney York
Local Services,affordable wedding photographers in New York,weddin photogs in New Youk
Local Services,affordable wedding photographers in New York,affortable weeding photographers in New Jerseey
Local Services,dog groomers open on Sundays,dog grmer
Local Services,dog groomers open on Sundays,s open on Sndays'
Local Services,dog groomers open on Sundays,groomrs open on Sundaze
Local Services,dog groomers open on Sundays,dogg roomors open one Sundys
Local Services,dog groomers open on Sundays,dog grimers opn on Sondayz
